Post Name,Legality,Category,Our Category,Seller,Description,Shipping From,Link to Post,,,,ranking,Seller,Rating,Sales,country of origin (est),
Amazon LIVE Method Tested In May 100% Working,Depends,Accounts,Tutorials,MiamiVice,not really clear hwat the method is or what it does,WW,http://oxsfyfyf3rmxwzvsozhze4awcwtbomwd2butx7fvdkl2nfks4tmmo4qd.onion/?page=listing&lid=08XyqRY0QYakoBzO,,,,1,MiamiVice,96,2965,MiamiVice,
MONEY LION BANK DROP,Illegal,Accounts,Stolen Credentials,feggmann,,WW,http://oxsfyfyf3rmxwzvsozhze4awcwtbomwd2butx7fvdkl2nfks4tmmo4qd.onion/?page=listing&lid=02zZZarR7U58qyJq,,,,2,LuckySupply,97,1088,,
Cloning Contactless Credit Cards - NFC,Depends,Accounts,Tutorials,MiamiVice,"If the person cloning their owncredit card, then it is not necessarily illegal.",WW,http://oxsfyfyf3rmxwzvsozhze4awcwtbomwd2butx7fvdkl2nfks4tmmo4qd.onion/?page=listing&lid=1EJRQpZqkcOaBLXw,,,,3,fullzipp,95,975,,
How To Spread Your Malware Using Runescape,Depends,Accounts,Tutorials,MiamiVice,It is only illegal once the customer actually uses this knowledge to commit malicious actions.,WW,http://oxsfyfyf3rmxwzvsozhze4awcwtbomwd2butx7fvdkl2nfks4tmmo4qd.onion/?page=listing&lid=1Jy9k9B3dz9eANBB,,,,4,GoldApple,97,877,,#NAME?
VIDEO - Latest Carding Guide CC/CVV to gift Cards,Depends ,Accounts,Tutorials,MiamiVice,"This contains a tutorial on how to cashout gift cards, and a list of cardable websites. The list intself is legal but the tutorial is not",WW,http://oxsfyfyf3rmxwzvsozhze4awcwtbomwd2butx7fvdkl2nfks4tmmo4qd.onion/?page=listing&lid=0dCcVrvMnX5sFO9B ,,,,5,tomandjerry,97,872,,
The Art And Science of Cooking With Cannabis 50 + r,Legal,Accounts,Tutorials,MiamiVice,,WW,http://oxsfyfyf3rmxwzvsozhze4awcwtbomwd2butx7fvdkl2nfks4tmmo4qd.onion/?page=listing&lid=0n4irZHd1mdRZlVM,,,,6,trusteelucky,92,804,,
Cash Out ANY Bank Account & Make a Killing,Depends,Accounts,Tutorials,Hackboy,"as the offer just provides a tutorial on how to perform scams it could be used for educational purposes, however using this info to your own advantage would be illigal.",WW,http://oxsfyfyf3rmxwzvsozhze4awcwtbomwd2butx7fvdkl2nfks4tmmo4qd.onion/?page=listing&lid=0xFHX7XRb6IRxZcK,,,,7,WA2018,100,558,,
Airbnb verified accounts,Depends,Accounts,Stolen Credentials,fraudbuddy,"assuming this offer provides the buyer with a list of credentials for verified airbnb accounts. If these accounts were all made by the seller, it might not be illigal. But if these account credentials were stolen the offer would be illigal.",WW,http://oxsfyfyf3rmxwzvsozhze4awcwtbomwd2butx7fvdkl2nfks4tmmo4qd.onion/?page=listing&lid=0xlnFG7dmhI834P6,,,,8,bearft2,99,455,,
100 x Adderall IR 30mg Tabs -free Shipping-Usa 2 Us Domestic,Depends,Adderal & Vyvanse,Prescription Medication,Muankum12,"If you have a prescription it is fine, the consumption of it is legal if provided by a prescription from a doctor.",US,http://oxsfyfyf3rmxwzvsozhze4awcwtbomwd2butx7fvdkl2nfks4tmmo4qd.onion/?page=listing&lid=1JGtX3Z197yAhRao,,,,9,Hackboy,97,451,,
Adderall (b974) 30mg tablet x 25 - (USA),Depends,Adderal & Vyvanse,Prescription Medication,LuckySupply,"If you have a prescription it is fine, the consumption of it is legal if provided by a prescription from a doctor.",US,http://oxsfyfyf3rmxwzvsozhze4awcwtbomwd2butx7fvdkl2nfks4tmmo4qd.onion/?page=listing&lid=1KxRz3b9EyJp3rUY,,,,10,Cannabuds,99,407,,
500 Bars x 2.5mg Xanax R039......USA - USA ,Depends,Benzos,Prescription Medication,ezinpharma,Xanax can be perscribed and thus could be legal to some. Without prescription is illegal.,US,http://oxsfyfyf3rmxwzvsozhze4awcwtbomwd2butx7fvdkl2nfks4tmmo4qd.onion/?page=listing&lid=0LMOksMrP8IbxOV8,,,,11,DrugzFromNL,93,385,,
Diazepam / valium Real from pharmacy,Depends,Benzos,Prescription Medication,comberUK,It’s a prescription narcotic ,GB,http://oxsfyfyf3rmxwzvsozhze4awcwtbomwd2butx7fvdkl2nfks4tmmo4qd.onion/?page=listing&lid=0uRfFYnSZ2qIWG7W,,,,12,ChemicPirates,97,360,,
Pharmacy Cannabis - 1 Gram Bedrocan - Medicinal Marihuana,Depends ,Buds & Flowers,Soft Drugs,Safety1st,,NL,http://oxsfyfyf3rmxwzvsozhze4awcwtbomwd2butx7fvdkl2nfks4tmmo4qd.onion/?page=listing&lid=05AlEJo7BfnDHgRG,,,,13,flexowned,95,356,,
0.5gr of G13 Haze - Import - THC 20% / High Quality,Depends ,Buds & Flowers,Soft Drugs,FENDI1,Under 5g its legal for possesion and this is 0.5gr which is ,GB,http://oxsfyfyf3rmxwzvsozhze4awcwtbomwd2butx7fvdkl2nfks4tmmo4qd.onion/?page=listing&lid=0BHA27RUo0PrcVF3,,,,14,vicebuddy,96,330,,
0.5g - Crystal Methamphetamine 96% Crystal clear Ice!,Illegal,Buds & Flowers,Soft Drugs,DutchSupreme,put under the wrong category we think as it is meth,NL,http://oxsfyfyf3rmxwzvsozhze4awcwtbomwd2butx7fvdkl2nfks4tmmo4qd.onion/?page=listing&lid=0139Dqt4DuknLZrJ,,,,15,prettypacks,99,329,,
Platinum Bubba Kush INDOOR,Depends,Buds & Flowers,Soft Drugs,WA2018,no grams are indicateed to determine if its illegal ,US,http://oxsfyfyf3rmxwzvsozhze4awcwtbomwd2butx7fvdkl2nfks4tmmo4qd.onion/?page=listing&lid=0ASPqOM022ZML8Ep,,,,16,dreamjar,100,321,,
Thin Mintz - AAA ($95/OZ - $1550/LB) ,Illegal,Buds & Flowers,Soft Drugs,prettypacks,selling per ounch or per pound means the volume is more then 5 grams and thus would be illegal in the netherlands,US,http://oxsfyfyf3rmxwzvsozhze4awcwtbomwd2butx7fvdkl2nfks4tmmo4qd.onion/?page=listing&lid=02UUqkKVMUoktoFP,,,,17,BarNarcotikz,99,319,,
14g Green Poison £81.2,Illegal,Buds & Flowers,Soft Drugs,maurelius,above the maximum amount of 5 grams.,ES,http://oxsfyfyf3rmxwzvsozhze4awcwtbomwd2butx7fvdkl2nfks4tmmo4qd.onion/?page=listing&lid=0DOSb7LzjPhJnjUu,,,,18,Freewalder,99,291,,
Quarter Pound Sour Diesel! Last Years Special!,Illegal,Buds & Flowers,Soft Drugs,Cannabuds,A quarter pound is above the maximum legal amount of 5 grams,US,http://oxsfyfyf3rmxwzvsozhze4awcwtbomwd2butx7fvdkl2nfks4tmmo4qd.onion/?page=listing&lid=0Ae4F0TFQXPVj5SS,,,,19,Distillate4U,98,283,,
8oz - Indoor Exotic - Fruit Loops,Illegal,Buds & Flowers,Soft Drugs,CaliforniaGrower,8oz is around 220gr which is well over 5gr.,US,http://oxsfyfyf3rmxwzvsozhze4awcwtbomwd2butx7fvdkl2nfks4tmmo4qd.onion/?page=listing&lid=1DYxR24IgierySPT,,,,20,DutchDope,96,256,,
Truffle Butter 112g(4oz) *Greenhouse*,Illegal,Buds & Flowers,Soft Drugs,dreamjar,It is legal to buy truffles but only up to 20mg,US,http://oxsfyfyf3rmxwzvsozhze4awcwtbomwd2butx7fvdkl2nfks4tmmo4qd.onion/?page=listing&lid=1NPeCnj4cLDnFcLa,,,,21,maurelius,99,256,,
2g - Bubblegum Haze - UK2UK,Depends,Buds & Flowers,Soft Drugs,FunkyMonkey,"depends 2 grams in possesion is allowed, but selling is not allowed",GB,http://oxsfyfyf3rmxwzvsozhze4awcwtbomwd2butx7fvdkl2nfks4tmmo4qd.onion/?page=listing&lid=0kf6Wwwg6HDcjfa1,,,,22,DopeNL,94,256,,
7g Bubblegum 42 (pounds),Illegal,Buds & Flowers,Soft Drugs,El-Chapo,,GB,http://oxsfyfyf3rmxwzvsozhze4awcwtbomwd2butx7fvdkl2nfks4tmmo4qd.onion/?page=listing&lid=0iXjJQAbasHPRhhu,,,,23,mrwhiteog,98,250,,
7g Strawberry - CALI import AAAA+,Illegal,Buds & Flowers,Soft Drugs,FunkyMonkey,Upto 5g its legal for possesion. Bove 30g its prosecuted with 3 yearrs of prison. For selling without a licence its illegal,GB ,http://oxsfyfyf3rmxwzvsozhze4awcwtbomwd2butx7fvdkl2nfks4tmmo4qd.onion/?page=listing&lid=0lNdeUMpD7IbyFEi,,,,24,Muankum12,96,247,,
500g Jack 47 (Jack Herer X AK-47 strains) 2450 pounds,Illegal,Buds & Flowers,Soft Drugs,maurelius,"500g is a lot, even cofee shops areer not allowed to possess more than 500g on the daily, and they can not sell more than 5 to peopple, making this offer illegal",ES,http://oxsfyfyf3rmxwzvsozhze4awcwtbomwd2butx7fvdkl2nfks4tmmo4qd.onion/?page=listing&lid=0w8tRupCy4hdMQij,,,,25,maxwis,96,229,,
3.5G AMNESIA HAZE A+++NDD-FREE POSTAGE,Depends,Buds & Flowers,Soft Drugs,Gingercrew,"depends 3.5 grams in possesion is allowed, but selling is not allowed",GB,http://oxsfyfyf3rmxwzvsozhze4awcwtbomwd2butx7fvdkl2nfks4tmmo4qd.onion/?page=listing&lid=0rDtrrw0SOH536yd,,,,26,slipperypete,96,226,,
1g of Grape Goddess AAA+++ Coffeeshop Grade,Depends,Buds & Flowers,Soft Drugs,OzzyCo,"depends 1 gram in possesion is allowed, but selling is not allowed",GB,http://oxsfyfyf3rmxwzvsozhze4awcwtbomwd2butx7fvdkl2nfks4tmmo4qd.onion/?page=listing&lid=0to4OFi3v8nQF3ih,,,,27,Topflakesamsterdam,92,225,,
28g Super Lemon Haze 235.2 £,Illegal,Buds & Flowers,Soft Drugs,maurelius,,GB,http://oxsfyfyf3rmxwzvsozhze4awcwtbomwd2butx7fvdkl2nfks4tmmo4qd.onion/?page=listing&lid=0oWxrN7qvQRdTpi9,,,,28,fraudbuddy,96,221,,
Blue Cookies INDOOR,Depends,Buds & Flowers,Soft Drugs,WA2018,"The seller does not specify the grams of weed they are selling. In the netherlands selling without a license is illegal however from the point of the buyer, possesion of 5g is legal. ",US,http://oxsfyfyf3rmxwzvsozhze4awcwtbomwd2butx7fvdkl2nfks4tmmo4qd.onion/?page=listing&lid=0wfNwBfwfItFLrvP,,,,29,greenpirate,95,210,,
28-56g OG Kush Very Potent UK--UK NDD tracked,Illegal,Buds & Flowers,Soft Drugs,redlomon,"5g is allowed for possesion, and 500g is the max a coffeeshop can possess ( with a license). The seller most likely has no license + th ebuyer once bought will possess more than 5g making this illegal. Also trading and selling more than 30g can lead to 3 yar of jail time",UK,http://oxsfyfyf3rmxwzvsozhze4awcwtbomwd2butx7fvdkl2nfks4tmmo4qd.onion/?page=listing&lid=0sy3PlkOJpowqCKQ,,,,30,Hash2GO,96,210,,
2g - UK Runtz - UK2UK,Depends ,Buds & Flowers,Soft Drugs,FunkyMonkey,"up until 5g is allowed for possesion, however selling without being a coffeeshop is illegal, but it is under 30g",GB,http://oxsfyfyf3rmxwzvsozhze4awcwtbomwd2butx7fvdkl2nfks4tmmo4qd.onion/?page=listing&lid=0phrZyP9CUWWuwkM,,,,31,MickeyMouseNLL,91,200,,
AAA+++ OG COOKIES TOP IMPORT H.Q - (60G-112G) - NDD UK,Illegal,Cannabis,Soft Drugs,El-Chapo,high volume that is not allowed in NL,GB,http://oxsfyfyf3rmxwzvsozhze4awcwtbomwd2butx7fvdkl2nfks4tmmo4qd.onion/?page=listing&lid=0Nx5XMhLTOdqX5Y6,,,,32,California420Service,98,178,,
10G AAA+++ cannalope Haze TOP IMPORTANT - NDD UK,Illegal,cannabis,Soft Drugs,El-Chapo,,GB,http://oxsfyfyf3rmxwzvsozhze4awcwtbomwd2butx7fvdkl2nfks4tmmo4qd.onion/?page=listing&lid=0doEt5KGPnbP4ZEy,,,,33,realjerrygarcia,98,173,,
3.5 G BANANA OG TOP SHELF CANNABIS UK!!!,Depends ,cannabis,Soft Drugs,mediPharms,,GB,http://oxsfyfyf3rmxwzvsozhze4awcwtbomwd2butx7fvdkl2nfks4tmmo4qd.onion/?page=listing&lid=0jBWAH04jO7ezfeZ,,,,34,amsterdamexpress,88,150,http://oxsfyfyf3rmxwzvsozhze4awcwtbomwd2butx7fvdkl2nfks4tmmo4qd.onion/?category=0&pg=1,
FULLZ CARDING SETUP 99% SUCCESS WIN 7+BONUS+45GB CASHOUT,Illegal,Carding ,Stolen Credentials,slipperypete,Fullz are stolen identities or stolen credit card information.,WW,http://oxsfyfyf3rmxwzvsozhze4awcwtbomwd2butx7fvdkl2nfks4tmmo4qd.onion/?page=listing&lid=053BGJsbRJEj9grh,,,,35,Hilfiger,98,138,,
3.5g Gram Cocaine 75% intense Coca Columbian,Illegal,Cocaine,Hard Drugs,Freewalder,,IR,http://oxsfyfyf3rmxwzvsozhze4awcwtbomwd2butx7fvdkl2nfks4tmmo4qd.onion/?page=listing&lid=06uTl9enbFw1ODcs,,,,36,speedexpressgerm,94,136,,
1g 92% Columbian Cocaine Uncut H.Q,Illegal,Cocaine,Hard Drugs,EveryLittleHelps,,GB,http://oxsfyfyf3rmxwzvsozhze4awcwtbomwd2butx7fvdkl2nfks4tmmo4qd.onion/?page=listing&lid=081W1SXjdV5D7HVh,,,,37,imyourdoctor,93,134,,
Quad (7 grams) High Quality Cocaine [90%] - Free Ship !,Illegal,Cocaine,Hard Drugs,tomandjerry,,NL,http://oxsfyfyf3rmxwzvsozhze4awcwtbomwd2butx7fvdkl2nfks4tmmo4qd.onion/?page=listing&lid=1Cjr7GF83DMg3XTD,,,,38,HotGirlzClub,99,120,,
1g - Social Peruvian Cocaine 80% UK Only,Illegal,Cocaine,Hard Drugs,FunkyMonkey,,GB,http://oxsfyfyf3rmxwzvsozhze4awcwtbomwd2butx7fvdkl2nfks4tmmo4qd.onion/?page=listing&lid=19oeeUWNFIqXZbI7,,,,39,sixandeight,95,114,,
Pure Bolivian Shiny Fishscale Cocaine 87% - Disco Shit,Illegal,Cocaine,Hard Drugs,DopeSeller,,NL,http://oxsfyfyf3rmxwzvsozhze4awcwtbomwd2butx7fvdkl2nfks4tmmo4qd.onion/?page=listing&lid=1LDsscAbIMxyKHVb,,,,40,DoctorSuess,99,113,,
98% PURE COCAINE 7g $550,Illegal,Cocaine,Hard Drugs,bearft2,,US,http://oxsfyfyf3rmxwzvsozhze4awcwtbomwd2butx7fvdkl2nfks4tmmo4qd.onion/?page=listing&lid=0az8ueRbI820kxHM,,,,41,DoctorSuess,99,113,,
0.5 gram High Quality Cocaine,Illegal,Cocaine,Hard Drugs,MickeyMouseNLL,,NL,http://oxsfyfyf3rmxwzvsozhze4awcwtbomwd2butx7fvdkl2nfks4tmmo4qd.onion/?page=listing&lid=0lImv2qCwA4tP6mR,,,,42,EveryLittleHelps,97,110,,
COLOMBIAN COKE 92% High Quality Available From 1G to 150g,Illegal,Cocaine,Hard Drugs,chingadolite,,NL,http://oxsfyfyf3rmxwzvsozhze4awcwtbomwd2butx7fvdkl2nfks4tmmo4qd.onion/?page=listing&lid=0jVXcpXXKXk7Dnyh,,,,43,FunkeyMonkey,96,88,,
5 grams High quality Cocaine [90%] NL to NL !,Illegal,Cocaine,Hard Drugs,PostNL,,NL,http://oxsfyfyf3rmxwzvsozhze4awcwtbomwd2butx7fvdkl2nfks4tmmo4qd.onion/?page=listing&lid=0eQzlMBCwMpBbuQ5,,,,44,fraudfriend,93,87,,
"2 X RUNTZ OG, 1g VAPE CARTS",Depends,Concentrates,Soft Drugs,THETHCDOCTOR1,its cannabis formula for a vape. The rules on that one are not very clear,GB,http://oxsfyfyf3rmxwzvsozhze4awcwtbomwd2butx7fvdkl2nfks4tmmo4qd.onion/?page=listing&lid=0Bt1d0QD6dc4bPas,,,,45,comberUK,98,79,,
2PK?Distillate Delta-9? 750mg THC Cart - Straw,Depends,Concentrates,Soft Drugs,Distillate4U,its cannabis formula for a vape. The rules on that one are not very clear,GB,http://oxsfyfyf3rmxwzvsozhze4awcwtbomwd2butx7fvdkl2nfks4tmmo4qd.onion/?page=listing&lid=05s6650PdpdidYit,,,,46,DopeSeller,97,78,,
"5 x 1ml of DELTA 9, THC In Syringe, Premixed With Terpenes ",Depends,Concentrates,Soft Drugs,THETHCDOCTOR1,its cannabis formula for a vape. The rules on that one are not very clear,GB,http://oxsfyfyf3rmxwzvsozhze4awcwtbomwd2butx7fvdkl2nfks4tmmo4qd.onion/?page=listing&lid=035QsIZ73dU8ZY0f,,,,47,THETHCDOCTOR1,98,76,,
"0.5 oz (14g) DELTA 9 THC Distillate, In Preloaded Syringe ",Depends,Concentrates,Soft Drugs,THETHCDOCTOR1,its cannabis formula for a vape. The rules on that one are not very clear,GB,http://oxsfyfyf3rmxwzvsozhze4awcwtbomwd2butx7fvdkl2nfks4tmmo4qd.onion/?page=listing&lid=0MvetN8JqzilHf0r,,,,48,El-Chapo,99,76,,
Rechargable Vape battery,Legal,Concentrates,Other,THETHCDOCTOR1,"Vapes are legal, and the usage of batteries for vapes are as well.",GB,http://oxsfyfyf3rmxwzvsozhze4awcwtbomwd2butx7fvdkl2nfks4tmmo4qd.onion/?page=listing&lid=1Iddt2RLAuNnNW15,,,,49,El-Chapo,99,76,,
Island PAX Era o.rG Pod: Blackberry OG - Indica,Depends,Concentrates,Soft Drugs,California420Service,its cannabis formula for a vape. The rules on that one are not very clear,US,http://oxsfyfyf3rmxwzvsozhze4awcwtbomwd2butx7fvdkl2nfks4tmmo4qd.onion/?page=listing&lid=0tKMMHV0AxfiVi8S,,,,50,k1to,99,73,,
"STARTER VAPE KIT -500mg THC cart, battery, charger adapter",Legal,Concentrates,Soft Drugs,Distillate4U,,GB,http://oxsfyfyf3rmxwzvsozhze4awcwtbomwd2butx7fvdkl2nfks4tmmo4qd.onion/?page=listing&lid=0wpB2ctXsoLJ8IC0,,,,51,PostNL,100,66,,
Florida's *NEW* Driver's License HD .PSD Template,Depends,Counterfeits,Fake Identities,DoctorSuess,People need to always go through a procedure to get a license legally. But having a template does not necessarily mean anything illegal is going to happen.,US,http://oxsfyfyf3rmxwzvsozhze4awcwtbomwd2butx7fvdkl2nfks4tmmo4qd.onion/?page=listing&lid=0EvWmJdeWYLLbJFS,,,,52,feggmann,95,59,,
5 grams High Quality Crack Cocaine,Illegal,Crack,Hard Drugs,MickeyMouseNLL,,NL,http://oxsfyfyf3rmxwzvsozhze4awcwtbomwd2butx7fvdkl2nfks4tmmo4qd.onion/?page=listing&lid=0pygTRVFJaCeIFKH,,,,53,StealthExpress,93,59,,
2021 BYPASS 2FA AUTH TUTORIAL + VIDEO + POWERFULL METHOD,Depends,Digital,Tutorials,k1to,"If the person bypassing is trying to get the information with malicious intent, or if they are not supposed to see that information, then it is illegal.",WW,http://oxsfyfyf3rmxwzvsozhze4awcwtbomwd2butx7fvdkl2nfks4tmmo4qd.onion/?page=listing&lid=1KGmRff8U5VcxSU4,,,,54,niketeam,98,54,,
guide to get legit usa rdp admin access free fore,Illegal,Digital,Tutorials,Dubaky,,WW,http://oxsfyfyf3rmxwzvsozhze4awcwtbomwd2butx7fvdkl2nfks4tmmo4qd.onion/?page=listing&lid=0vDbE7m498S8mbKI,,,,55,SindabadXpress,98,53,,
easy money - localbitcoins scam - tested 2017,Depends,Digital,Tutorials,Dubaky,"tutorial is legal, its use is illegal",WW,http://oxsfyfyf3rmxwzvsozhze4awcwtbomwd2butx7fvdkl2nfks4tmmo4qd.onion/?page=listing&lid=0xNlPL0pxvINc2DQ,,,,56,DutchSupreme,92,53,,
Anonfiles File Scrapper - Instant Delivery,Legal,Digital,Tutorials,MiamiVice,,WW,http://oxsfyfyf3rmxwzvsozhze4awcwtbomwd2butx7fvdkl2nfks4tmmo4qd.onion/?page=listing&lid=0yWD6vpJIpG4Blgk,,,,57,SindabadXpress,98,53,,
7.0g NN-DMT (extracted from Mimosa Hostilis root bark),Illegal,DMT,Hard Drugs,DomesticGoddess,Hard drugs are always illegal.,GB,http://oxsfyfyf3rmxwzvsozhze4awcwtbomwd2butx7fvdkl2nfks4tmmo4qd.onion/?page=listing&lid=1LyCOuY94QrKBqf2,,,,58,SindabadXpress,98,52,,
1mL Potent DMT Cart,Illegal,DMT,Hard Drugs,DeemsTeam,,EU,http://oxsfyfyf3rmxwzvsozhze4awcwtbomwd2butx7fvdkl2nfks4tmmo4qd.onion/?page=listing&lid=1AhYXP8FzRwEYwdP,,,,59,DomesticGoddess,100,49,,
Dump with pin (track2) USA Canada and Europe + Tutorial guide,Illegal,Dumps,Tutorials,flexowned,,WW,http://oxsfyfyf3rmxwzvsozhze4awcwtbomwd2butx7fvdkl2nfks4tmmo4qd.onion/?page=listing&lid=0gHOUPv8Jaq4NPVV,,,,60,FENDI1,98,40,,
BECOME A PRO MOBILE DEVELOPER IN 1 WEEK - MAKE 500,Legal,E-Books,Tutorials,fullzipp,,WW,http://oxsfyfyf3rmxwzvsozhze4awcwtbomwd2butx7fvdkl2nfks4tmmo4qd.onion/?page=listing&lid=09fr6FPcek3KvlQ5,,,,61,xanaxbenzocanada,99,38,,
5Xtc Givencys 250mg CLEAN CUT,Illegal,Ecstasy ,Hard Drugs,Freewalder,,IE,http://oxsfyfyf3rmxwzvsozhze4awcwtbomwd2butx7fvdkl2nfks4tmmo4qd.onion/?page=listing&lid=0kzgRgcrk58369Hn,,,,62,gratefullydead,96,35,,
Indoor Cannabis 14 Grams,Illegal,Edibles,Soft Drugs,Cabackdoormedical,Selling more than 5g is illegal,US,http://oxsfyfyf3rmxwzvsozhze4awcwtbomwd2butx7fvdkl2nfks4tmmo4qd.onion/?page=listing&lid=1C64cPyNANGCDb4N,,,,63,Dubaky,94,32,,
"2 pc Darth Vader head (200mg THC/pc), A+",Depends,Edibles,Soft Drugs,GreenBritain,,GB,http://oxsfyfyf3rmxwzvsozhze4awcwtbomwd2butx7fvdkl2nfks4tmmo4qd.onion/?page=listing&lid=0vde100iPn5tKSPK,,,,64,Gingercrew,99,28,,
25 x Packs THC Gummie Bears 400mg EACH PACK,Depends,Edibles,Soft Drugs,THETHCDOCTOR1,,GB,http://oxsfyfyf3rmxwzvsozhze4awcwtbomwd2butx7fvdkl2nfks4tmmo4qd.onion/?page=listing&lid=0rvVuqMMyvyuKcQp,,,,65,CaliforniaGrower,88,26,,
"7days tutorial on fraud (carding,bank loan, transfers etc) ",Depends,Fraud,Tutorials,fraudbuddy,"The discription of the page does not inform the buyer of the potential harms that can be done via this course, it only encourages them to ""replicate them in real life""",WW,http://oxsfyfyf3rmxwzvsozhze4awcwtbomwd2butx7fvdkl2nfks4tmmo4qd.onion/?page=listing&lid=00607HEH3tcp0wGP,,,,66,ezinpharma,95,26,,
OMG FULLZ INFO FROM lowa + DRIVING LICENSE + Car License,Illegal,Fraud,Stolen Credentials,fraudmigo,,WW,http://oxsfyfyf3rmxwzvsozhze4awcwtbomwd2butx7fvdkl2nfks4tmmo4qd.onion/?page=listing&lid=0gG8hyEi9rujMfOS,,,,67,drugstar,97,22,,
10xmonero silent miner mine xmr using infected pc,Depends,Fraud,Tutorials,niketeam,it depends if the owner of this infected pc has given concent to be used as a mining pc.,WW,http://oxsfyfyf3rmxwzvsozhze4awcwtbomwd2butx7fvdkl2nfks4tmmo4qd.onion/?page=listing&lid=0ku8DxGKzmBnW0MU,,,,68,PsykSous,99,19,,
FREE FULLZ Wyoming + PTIN + ATIN + EIN + CAR LICENSE…...,Illegal,Fraud,Stolen Credentials,fraudfriend,,WW,http://oxsfyfyf3rmxwzvsozhze4awcwtbomwd2butx7fvdkl2nfks4tmmo4qd.onion/?page=listing&lid=0hV33bqDmLQHwu2Z,,,,69,DiscoJuice,100,11,,
2021 - Carding Method Cash Out Money From CC,Illegal,Guides & Tutorials,Tutorials,MiamiVice,,WW,http://oxsfyfyf3rmxwzvsozhze4awcwtbomwd2butx7fvdkl2nfks4tmmo4qd.onion/?page=listing&lid=0BtCg1c9t5EzirAr,,,,70,fraudmigo,98,11,,
How To Open Handcuffs Without Keys - 49 pages tutorial ,Legal,Guides & Tutorials,Tutorials,MiamiVice,,WW,http://oxsfyfyf3rmxwzvsozhze4awcwtbomwd2butx7fvdkl2nfks4tmmo4qd.onion/?page=listing&lid=06s0krZjLasQsg7p,,,,71,aussietrips,100,11,,
How To Create 30 Days Private Spotify Accounts - Instant De,Legal,Guides & Tutorials,Tutorials,MiamiVice,,WW,http://oxsfyfyf3rmxwzvsozhze4awcwtbomwd2butx7fvdkl2nfks4tmmo4qd.onion/?page=listing&lid=05rMSJG6B9qCUYDG,,,,72,OzzyCo,100,7,,
How to Get Free Domains,Depends,Guides & Tutorials,Tutorials,MiamiVice,,WW,http://oxsfyfyf3rmxwzvsozhze4awcwtbomwd2butx7fvdkl2nfks4tmmo4qd.onion/?page=listing&lid=1Al9RipVXPn5oVDA,,,,73,CanadianLegend,100,5,,
20000+ Cardable Websites - Instant Delivery,Legal,Guides & Tutorials,Tutorials,MiamiVice,"This is only a guide which has a list of websites that are cardable, this does not necessarily mean anything will happen, it is as if it is a database of websites. If people take this information and use it with malicious intent then it would be illegal.",WW,http://oxsfyfyf3rmxwzvsozhze4awcwtbomwd2butx7fvdkl2nfks4tmmo4qd.onion/?page=listing&lid=1Aa4Hm5GSREa3m8q,,,,74,Safety1st,100,4,,
How to Move Emails from One Gmail Account to Another 2021 ,Depends,Guides & Tutorials,Tutorials,MiamiVice,"This is a tutorial that teaches you how to use the existing email settings to move and copy emails from one email to another. You can do it to your own emails which will be legalbut you can do it also to emails of others, and if done without their concents it can be considered illegal. ",WW,http://oxsfyfyf3rmxwzvsozhze4awcwtbomwd2butx7fvdkl2nfks4tmmo4qd.onion/?page=listing&lid=0azOYW71yyR2hFrZ,,,,75,GreenBritain,100,4,,
How to Create Unlimited Free VCC MasterCard and Visa,Depends,Guides & Tutorials,Tutorials,GoldApple,"tutorial is legal, its use is illegal",WW,http://oxsfyfyf3rmxwzvsozhze4awcwtbomwd2butx7fvdkl2nfks4tmmo4qd.onion/?page=listing&lid=0dthPKQCFRyXFHUr,,,,76,Cabackdoormedical,100,3,,
Detailed stripe Cashout Tutorial - Make $20k Weekly - Instan,Depends,Guides & Tutorials,Tutorials,MiamiVice,does not state specific way of how this 20k would be gained,WW,http://oxsfyfyf3rmxwzvsozhze4awcwtbomwd2butx7fvdkl2nfks4tmmo4qd.onion/?page=listing&lid=0urDUMxlhWafSbO5,,,,77,connoisser,100,3,,
STEP BY STEP PAYPAL Cookie & UserAgent TUTORIAL (June,Depends,Guides & Tutorials,Tutorials,MiamiVice,"it’s a tutorial that simply teaches the buyer, but the execuion is illegal ",WW,http://oxsfyfyf3rmxwzvsozhze4awcwtbomwd2butx7fvdkl2nfks4tmmo4qd.onion/?page=listing&lid=0s104tnMbAo9q7QY,,,,78,mediPharms,100,2,,
(14G) HQ Morrocan Dry Sift Hash [Peyote Gorilla],Illegal,Hash,Soft Drugs,Hash2GO,more then the allowed 5 gram,FR,http://oxsfyfyf3rmxwzvsozhze4awcwtbomwd2butx7fvdkl2nfks4tmmo4qd.onion/?page=listing&lid=04uQjXvw3upYu5iE,,,,79,truegenerics,110,1,,
Zkittlez Blonde Ice-olator Hash Morrocan Import,Illegal,Hash,Soft Drugs,BarNarcotikz,,EU,http://oxsfyfyf3rmxwzvsozhze4awcwtbomwd2butx7fvdkl2nfks4tmmo4qd.onion/?page=listing&lid=06BgYGGWkGcXZLFn,,,,80,SharkHash,0,0,,
12.5g Shark Hash,Illegal,Hash,Soft Drugs,SharkHash,,ESP,http://oxsfyfyf3rmxwzvsozhze4awcwtbomwd2butx7fvdkl2nfks4tmmo4qd.onion/?page=listing&lid=1Lve1tTrQ0qv4CjW,,,,81,DeemsTeam,0,0,,
Bubble Gum - Dry Sift Hash ~40% THC,Depends,Hash,Soft Drugs,queenofcannabis,"Depends on how much, if it is more than 5g, then illegal, if less then legal.",DE,http://oxsfyfyf3rmxwzvsozhze4awcwtbomwd2butx7fvdkl2nfks4tmmo4qd.onion/?page=listing&lid=1IHrJ7EehHiNwqsQ,,,,82,queenofcannabis,0,0,,
?1.5 G HEROINE | 100% PURE UNCUT AFGHAN HEROIN AAA+?,Illegal,Heroin,Hard Drugs,amsterdamexpress,,NL,http://oxsfyfyf3rmxwzvsozhze4awcwtbomwd2butx7fvdkl2nfks4tmmo4qd.onion/?page=listing&lid=09dH5Rt8jwcmt56K,,,,83,psychonauta02,0,0,,
Heroin uncut CH-WW,Illegal,Heroin,Hard Drugs,mrwhiteog,,CH,http://oxsfyfyf3rmxwzvsozhze4awcwtbomwd2butx7fvdkl2nfks4tmmo4qd.onion/?page=listing&lid=01CDCC9stADBUJpV,,,,84,chinadorelite,0,0,,
Pure Uncut Afghan Heroin #3,Illegal,Heroin,Hard Drugs,DrugzFromNL,,NL,http://oxsfyfyf3rmxwzvsozhze4awcwtbomwd2butx7fvdkl2nfks4tmmo4qd.onion/?page=listing&lid=0Bt9gw02icgSkMnI,,,,,,,,,
Afgan Heroin,Illegal,Heroin,Hard Drugs,DutchDope,,NL,http://oxsfyfyf3rmxwzvsozhze4awcwtbomwd2butx7fvdkl2nfks4tmmo4qd.onion/?page=listing&lid=0jmhAT6CNzYkqh3g,,,,,,,,,
SWEET MAMMA HEROIN,Illegal,Heroin,Hard Drugs,HotGirlzClub,,US,http://oxsfyfyf3rmxwzvsozhze4awcwtbomwd2butx7fvdkl2nfks4tmmo4qd.onion/?page=listing&lid=0eaHSae9LF14gFQr,,,,,,,,,
Ketamine S-isomer Needle 99% FREE WORLD WIDE SHIPPING,Illegal ,Ketamine,Hard Drugs,DopeNL,For recreational use it is illegal however medically it is Legal. We do assume that if the person was to get it for medical reasons they would be prescribed to it and wont need to buy it on the Black Market therefore we say its illegal since they are probably buying it from the Black market for recreational use.,NL,http://oxsfyfyf3rmxwzvsozhze4awcwtbomwd2butx7fvdkl2nfks4tmmo4qd.onion/?page=listing&lid=0nCIfY2QH6ZB77lT,,,,,,,,,
Special Promo ketamine 1g 14.50 euro ,Illegal ,Ketamine,Hard Drugs,Topflakesamsterdam,For recreational use it is illegal however medically it is Legal. We do assume that if the person was to get it for medical reasons they would be prescribed to it and wont need to buy it on the Black Market therefore we say its illegal since they are probably buying it from the Black market for recreational use.,NL,http://oxsfyfyf3rmxwzvsozhze4awcwtbomwd2butx7fvdkl2nfks4tmmo4qd.onion/?page=listing&lid=0ausx8OTJKJPoEQ5,,,,,,,,,
2 grams Ketamine [S] - Free Shipping !,Illegal ,Ketamine,Hard Drugs,tomandjerry,For recreational use it is illegal however medically it is Legal. We do assume that if the person was to get it for medical reasons they would be prescribed to it and wont need to buy it on the Black Market therefore we say its illegal since they are probably buying it from the Black market for recreational use.,NL,http://oxsfyfyf3rmxwzvsozhze4awcwtbomwd2butx7fvdkl2nfks4tmmo4qd.onion/?page=listing&lid=0s0W9IWJZJmgRocn,,,,,,,,,
30 Hits Ultra Clean LSD,Illegal,LSD,Hard Drugs,realjerrygarcia,,US,http://oxsfyfyf3rmxwzvsozhze4awcwtbomwd2butx7fvdkl2nfks4tmmo4qd.onion/?page=listing&lid=0DIgKkxJI8MPss2S,,,,,,,,,
25 x 250 ug LSD tabs,Illegal,LSD,Hard Drugs,MickeyMouseNLL,,NL,http://oxsfyfyf3rmxwzvsozhze4awcwtbomwd2butx7fvdkl2nfks4tmmo4qd.onion/?page=listing&lid=1B1j0CEhLNUsA0wN,,,,,,,,,
100 ug WoW (White on White) LSD Tab (Bliss 5.0 LSD Crystal),Illegal,LSD,Hard Drugs,aussietrips,,ASTL,http://oxsfyfyf3rmxwzvsozhze4awcwtbomwd2butx7fvdkl2nfks4tmmo4qd.onion/?page=listing&lid=1EcvUCy52iwscsZN,,,,,,,,,
LSD Blotters 200ug Needlepoint Crystal +99%,Illegal,LSD,Hard Drugs,drugstar,,NL,http://oxsfyfyf3rmxwzvsozhze4awcwtbomwd2butx7fvdkl2nfks4tmmo4qd.onion/?page=listing&lid=1VPxeQtsp4dY2Z82,,,,,,,,,
High Quality Dutch MDMA 95%,Illegal,MDMA,Hard Drugs,DrugzFromNL,,NL,http://oxsfyfyf3rmxwzvsozhze4awcwtbomwd2butx7fvdkl2nfks4tmmo4qd.onion/?page=listing&lid=06vhsPZgPVpYof7J,,,,,,,,,
SASSAFRAS CHAMPAGNE MDMA 1 gram,Illegal,MDMA,Hard Drugs,PsykSous,Hard drugs are always illegal.,US,http://oxsfyfyf3rmxwzvsozhze4awcwtbomwd2butx7fvdkl2nfks4tmmo4qd.onion/?page=listing&lid=1CXsLrTmXxMYbXDM,,,,,,,,,
* 3.5GR MDMA 89% Pure Champagne* ,Illegal,MDMA,Hard Drugs,JessyBakery,"production, possession, and trade are a criminal offence.",NL,http://oxsfyfyf3rmxwzvsozhze4awcwtbomwd2butx7fvdkl2nfks4tmmo4qd.onion/?page=listing&lid=0tlHh83ech3OEB3M,,,,,,,,,
10 grams High Quality MDMA [80%] | NL to NL !,Illegal,MDMA,Hard Drugs,PostNL,"production, possession, and trade are a criminal offence.",NL,http://oxsfyfyf3rmxwzvsozhze4awcwtbomwd2butx7fvdkl2nfks4tmmo4qd.onion/?page=listing&lid=0vpR5uPzyVod4R7c,,,,,,,,,
7g - Mexican Meth (Free Xpresspost),Illegal,Meth,Hard Drugs,CanadianLegend,,Canada,oxsfyfyf3rmxwzvsozhze4awcwtbomwd2butx7fvdkl2nfks4tmmo4qd.onion/?page=listing&lid=1Ihn0EYHyaNXnZEA,,,,,,,,,
1GR Crystal Meth Ephedrine shards FREE SHIPPING,Illegal ,Meth,Hard Drugs,StealthExpress,,NL,http://oxsfyfyf3rmxwzvsozhze4awcwtbomwd2butx7fvdkl2nfks4tmmo4qd.onion/?page=listing&lid=0xoPkGWBKicceNqy,,,,,,,,,
Crystal Meth Pure And Clean !! Free GoodieBag !!,Illegal,Meth,Hard Drugs,ChemicPirates,,DE,http://oxsfyfyf3rmxwzvsozhze4awcwtbomwd2butx7fvdkl2nfks4tmmo4qd.onion/?page=listing&lid=0z1tRysDR2zRA32n,,,,,,,,,
US Google Voice (All States available),Legal,Other,Other,maxwis,,Worldwide,http://oxsfyfyf3rmxwzvsozhze4awcwtbomwd2butx7fvdkl2nfks4tmmo4qd.onion/?page=listing&lid=0DTv6oBEmNthtEr9,,,,,,,,,
ORIGINAL GUCCI WALLET,Depends,Other,Other,Feggmann,if the item is real or not,US,http://oxsfyfyf3rmxwzvsozhze4awcwtbomwd2butx7fvdkl2nfks4tmmo4qd.onion/?page=listing&lid=0HEJfnLMTk8FXkSV,,,,,,,,,
"HEAR IT NOW, STOP PAYING FOR FULLZ, START GETTING YOUR OWN!",Illegal,Other,Stolen Credentials,sixandeight,Fullz are stolen identities or stolen credit card information.,Worldwide,http://oxsfyfyf3rmxwzvsozhze4awcwtbomwd2butx7fvdkl2nfks4tmmo4qd.onion/?page=listing&lid=1EiTCWtGzBTsgA1w,,,,,,,,,
bitcoin stealer full software+turtorial vidio 2021,Depends,Other,Tutorials,Dubaky,It is only illegal once the customer actually uses this knowledge to commit malicious actions.,Worldwide,http://oxsfyfyf3rmxwzvsozhze4awcwtbomwd2butx7fvdkl2nfks4tmmo4qd.onion/?page=listing&lid=1I6UbrydxmeNSqKl,,,,,,,,,
5 FREE PLAY TO EARN NFT GAMES TO EARN $107 DAILY,Legal,Other,Tutorials,trusteelucky,,Worldwide,http://oxsfyfyf3rmxwzvsozhze4awcwtbomwd2butx7fvdkl2nfks4tmmo4qd.onion/?page=listing&lid=1HJjD5nLy5PARMSs,,,,,,,,,
Australia Passport PSD Template,Depends,Other,Fake Identities,GoldApple,Having just a template of a passprot does not necessarily mean anything illegal will be done with it.,Worldwide,http://oxsfyfyf3rmxwzvsozhze4awcwtbomwd2butx7fvdkl2nfks4tmmo4qd.onion/?page=listing&lid=1PLdpVn5hie4irq9,,,,,,,,,
Pharmacy Prescription Label PSD Template Pack (7 Templates),Legal,Other,Fake Identities,GoldApple,It is only illegal once the customer actually uses this to perform malicious acctions,Worldwide,http://oxsfyfyf3rmxwzvsozhze4awcwtbomwd2butx7fvdkl2nfks4tmmo4qd.onion/?page=listing&lid=1XnLYRTRTYJIeFFd,,,,,,,,,
Malaysia Passport PSD Template ,Depends,Other,Fake Identities,GoldApple,"It Is just a template of a standard passport, but what you do with it might  be illegal. They don’t send you an already made fake passport",Worldwide,http://oxsfyfyf3rmxwzvsozhze4awcwtbomwd2butx7fvdkl2nfks4tmmo4qd.onion/?page=listing&lid=0cxCRfKzhBuf3MDm,,,,,,,,,
Create your synthetic Identity.. AKA Creation.. Ghost ,Illegal,Other,Fake Identities,vicebuddy,,Worldwide,http://oxsfyfyf3rmxwzvsozhze4awcwtbomwd2butx7fvdkl2nfks4tmmo4qd.onion/?page=listing&lid=0ieRwG0eCxLYto8o,,,,,,,,,
ALD-52 100ug Tabs! X1-100 UK-WW LSD Prodrug (1A-LSD),Illegal,Other RCs,Hard Drugs,DiscoJuice,,GB,http://oxsfyfyf3rmxwzvsozhze4awcwtbomwd2butx7fvdkl2nfks4tmmo4qd.onion/?page=listing&lid=1FzV573pMD2STNe0,,,,,,,,,
2CC 12mg X20,Illegal,Other RCs,Hard Drugs,gratefullydead,,US,http://oxsfyfyf3rmxwzvsozhze4awcwtbomwd2butx7fvdkl2nfks4tmmo4qd.onion/?page=listing&lid=0ftaQ6ordNtQLgnZ,,,,,,,,,
[USA-USA] OXYCONTIN (Oxycodone ER) 80mg - PURDUE 1 pills,Illegal,OxyCodone,Hard Drugs,Hilfiger,It’s a type of opioid. t is highly addictive and a common drug of abuse,US,http://oxsfyfyf3rmxwzvsozhze4awcwtbomwd2butx7fvdkl2nfks4tmmo4qd.onion/?page=listing&lid=0j4jjFnS4g0hcJ4m,,,,,,,,,
Temazepam 10 mg Restoril tablets,Illegal,pills,Medication,SindabadXpress,Temazepam can only be used legally by health professionals and for university research purposes. ,GB,http://oxsfyfyf3rmxwzvsozhze4awcwtbomwd2butx7fvdkl2nfks4tmmo4qd.onion/?page=listing&lid=0OaInyCwyQrrynd6,,,,,,,,,
Nitrazepam 10mg Mogadon; Pharmaceutical grade,Depends,Pills,Prescription Medication,SindabadXpress,"If you have a prescription it is fine, the consumption of it is legal if provided by a prescription from a doctor.",Worldwide,http://oxsfyfyf3rmxwzvsozhze4awcwtbomwd2butx7fvdkl2nfks4tmmo4qd.onion/?page=listing&lid=1FdstypTzQVZAOkE,,,,,,,,,
1000 xanax2 4mg or mix&match ,Depends,Pills,Prescription Medication,xanaxbenzocanada,Depends because it is legal for consumption but a prescription is needed ,CA,http://oxsfyfyf3rmxwzvsozhze4awcwtbomwd2butx7fvdkl2nfks4tmmo4qd.onion/?page=listing&lid=0kym0Yaf8v62bMkc,,,,,,,,,
Attentin 5mg - (Daxtroamphetamine),Depends,Pills,Prescription Medication,connoisser,"This is a type of ADHD medicine, helpful with focus. But it is a prescription pill and can be very addictive",Sweden,http://oxsfyfyf3rmxwzvsozhze4awcwtbomwd2butx7fvdkl2nfks4tmmo4qd.onion/?page=listing&lid=0vklOixRcZT7RgVL,,,,,,,,,
10 blue XTC Punisher pills 300MG MDMA 100%,Illegal,Pills,Hard Drugs,chinadorelite,,NL,http://oxsfyfyf3rmxwzvsozhze4awcwtbomwd2butx7fvdkl2nfks4tmmo4qd.onion/?page=listing&lid=0ySV1TABk7GtWxre,,,,,,,,,
Jatenzo Testosterone Undecanoate Andriol by Organon 40 mg,Illegal,Prescription,Prescription Medication,SindabadXpress,,Worldwide,http://oxsfyfyf3rmxwzvsozhze4awcwtbomwd2butx7fvdkl2nfks4tmmo4qd.onion/?page=listing&lid=09qZdUpRuhFbY3Aq,,,,,,,,,
Metaformin 500 mg x 84 Tablets Genuine UK,Depends,Prescription,Prescription Medication,imyourdoctor,"If you have a prescription it is fine, the consumption of it is legal if provided by a prescription from a doctor.",GB,http://oxsfyfyf3rmxwzvsozhze4awcwtbomwd2butx7fvdkl2nfks4tmmo4qd.onion/?page=listing&lid=1IP5eTXjXyrizQUr,,,,,,,,,
Benzocaine 1001 g Medical Purity 99.7%,Legal,Prescription,Medication,psychonauta02,"There is no record of this substance being found illegal, it is used in medication.",Europe,http://oxsfyfyf3rmxwzvsozhze4awcwtbomwd2butx7fvdkl2nfks4tmmo4qd.onion/?page=listing&lid=1F8mdUgvsuMFooBM,,,,,,,,,
Tramadol 100 mg Tablets (Ultram),Depends,Prescription,Prescription Medication,SindabadXpress,"Thamodol is a type of very strong painkiller and it is a controlled substance. Selling it is not neceserally illegal, but from the point of view of the buyer It is illegal if they use it at sports events. Considering that this is solf on the black market many people who buy it maybe want to use it as a sort of Doping or as a stimulant which would make it illegal. ",Worldwide,http://oxsfyfyf3rmxwzvsozhze4awcwtbomwd2butx7fvdkl2nfks4tmmo4qd.onion/?page=listing&lid=0fzNmx19SNxT1yMM,,,,,,,,,
Doxepin 3 mg Silenor Tablets,Depends,Prescription,Prescription Medication,SindabadXpress,"This is a type of sleeping medication. In principal its consumption is legal however you would need a doctors prescription to get it since it is very strong and can cause confusion and increassed sleepiness, especially in people over the age of 65. ",Worldwide,http://oxsfyfyf3rmxwzvsozhze4awcwtbomwd2butx7fvdkl2nfks4tmmo4qd.onion/?page=listing&lid=0o78JFzZjZ4WmpZb,,,,,,,,,
vilitra 20mg (generic levitra) 50 tablets,Depends,Prescription,Prescription Medication,truegenerics,"It is a prescription medecine to help men with erectile dysfunction, however when taken when this dysfunction is not present, it can cause a dangerously long errection. It is legal when prescribed to youbut since it is solf on the black market it makes it pottentially illegal to use. ",IN,http://oxsfyfyf3rmxwzvsozhze4awcwtbomwd2butx7fvdkl2nfks4tmmo4qd.onion/?page=listing&lid=0rouMwDiEn2GWWPe,,,,,,,,,
lovegra 100mg (generic viagra for women) 40 tablets,Legal ,Prescription,Medication,truegenerics,The seller specifies that the buyer should check with their GP if this pill is okay for them so the pill should be legal. ,IN,http://oxsfyfyf3rmxwzvsozhze4awcwtbomwd2butx7fvdkl2nfks4tmmo4qd.onion/?page=listing&lid=0oVTspqXPhfMFQ0V,,,,,,,,,
1x Feminized seed or autoflower seed of choise,Depends,Seeds,Soft Drugs,greenpirate,,Europe,http://oxsfyfyf3rmxwzvsozhze4awcwtbomwd2butx7fvdkl2nfks4tmmo4qd.onion/?page=listing&lid=1GFn2lheiFGiLzBc,,,,,,,,,
7gr of Shake / Dust / Tiny Buds - High Quality,Illegal,Shake,Soft Drugs,FENDI1,Selling more than 5g is illegal,GB,http://oxsfyfyf3rmxwzvsozhze4awcwtbomwd2butx7fvdkl2nfks4tmmo4qd.onion/?page=listing&lid=1IvMsR8vE2JWgnWE,,,,,,,,,
100G SPEED APHETAMIN PASTE ,Illegal,Speed,Hard Drugs,speedexpressgerm,,Germany,http://oxsfyfyf3rmxwzvsozhze4awcwtbomwd2butx7fvdkl2nfks4tmmo4qd.onion/?page=listing&lid=03RaapUBPaxPKZQ2,,,,,,,,,
Speed Amphetamine paste *50 Grams* DoctorXXL Top Quality!,Illegal ,Speed,Hard Drugs,DoctorXXL,,DE,http://oxsfyfyf3rmxwzvsozhze4awcwtbomwd2butx7fvdkl2nfks4tmmo4qd.onion/?page=listing&lid=0obyVLppySNkmW6B,,,,,,,,,
"Tava Adderall 20mg IR **100% AUTHENTIC, PHARMACY SOURCED**",Depends,Stimulants,Prescription Medication,DoctorSuess,Depends because it is legal for consumption but a prescription is needed ,US,http://oxsfyfyf3rmxwzvsozhze4awcwtbomwd2butx7fvdkl2nfks4tmmo4qd.onion/?page=listing&lid=0kSHjNTIs4iIwfke,,,,,,,,,
